{
    "747329209624002": {
        "id": "747329209624002",
        "status": "Pendente (1)",
        "userid": "397813462618734593",
        "dataid": "sexta-feira, 3 de maio de 2024 às 10:54",
        "nomeid": "Nitro Gaming Mensal",
        "qtdid": "1",
        "precoid": "5.00",
        "entrid": "Andamento"
    },
    "970938479625045": {
        "id": "970938479625045",
        "status": "Pendente (2)",
        "userid": "397813462618734593",
        "dataid": "sexta-feira, 3 de maio de 2024 às 10:57",
        "nomeid": "Nitro Gaming Mensal",
        "qtdid": "1",
        "precoid": "5.00",
        "entrid": "Andamento"
    },
    "668051376162931": {
        "id": "668051376162931",
        "status": "Concluido",
        "userid": "397813462618734593",
        "dataid": "sexta-feira, 3 de maio de 2024 às 11:05",
        "nomeid": "Nitro Gaming Mensal",
        "qtdid": "1",
        "precoid": "5.00",
        "entrid": "Andamento"
    },
    "389475902378013": {
        "id": "389475902378013",
        "status": "Concluido",
        "userid": "397813462618734593",
        "dataid": "sexta-feira, 3 de maio de 2024 às 11:11",
        "nomeid": "Nitro Gaming Mensal",
        "qtdid": "1",
        "precoid": "5.00",
        "entrid": "Andamento"
    },
    "522884895158763": {
        "id": "522884895158763",
        "status": "Concluido",
        "userid": "397813462618734593",
        "dataid": "sexta-feira, 3 de maio de 2024 às 11:44",
        "nomeid": "Nitro gaming mensal",
        "qtdid": "1",
        "precoid": "5.00",
        "entrid": "Andamento"
    }
}